Fromm,unknown
Paul,male
Ron,male
Earl,male
Stu,male
Ron,male
Howard,male
Dick,male
C.W.,unknown
Frank,male
Harry,male
James,male
Mark,male
Mark,male
Marvin,male
Ron,male
Mike,male
Gurney,unknown
Jesse,male
Steve,male
Mike,male
Henry,male
Paul,male
Jim,male
Gerald,male
Stan,male
Randy,male
A.K.,unknown
Casey,female
Cy,female
Louis,male
Rex,male
William,male
Steve,male
Bill,male
Claude,male
Eck,unknown
Frankie,male
Harvey,male
James,male
First Name,unknown
Jerome,male
Phog,unknown
Sonny,male
Fromm,unknown
Wilbur,male
Lyles,unknown
Stub,unknown
V.B.,unknown
Derek,male
Allot,unknown
Dana,female
Paul,male
Frommmy,unknown
Mark,male
Joe,male
Clarence,male
Ladell,unknown
Dick,male
E.L.,unknown
Edward,male
Forddy,unknown
Glendon,unknown
Hank,male
Harold,male
Henry,male
Isadore,unknown
Jim,male
Kyle,male
Mike,male
Millard,unknown
Tevester,unknown
Wayne,male
William,male
Lew,male
J.B.,female
Emmett,male
Vince,male
Steve,male
Lawrence,male
Fromm,unknown
Clarence,male
Phillip,male
Fred,male
Lynn,female
Frank,male
Charles,male
Dave,male
Ike,male
Jack,male
Red,male
John,male
Frank,male
Ed,male
Al,male
Kevin,male
Fred,male
Joe,male
Rod,male
Tay,female
W.P.,unknown
Lorin,female
Clark,male
Dale,male
Mark,male
Roman,male
Edwin,male
Kevin,male
Fred,male
Fromny,unknown
William,male
Clyde,male
J.E,unknown
Rick,male
Barnes,unknown
Jim,male
Barrier,unknown
Fay,female
Frommmy,unknown
Gene,male
Charles,male
Cliff,male
Emory,male
Harry,male
Dan,male
Ernest,male
John,male
Squire,unknown
Russell,male
John,male
Bill,male
Duce,unknown
Steve,male
Melvin,male
Theo,male
Bob,male
John,male
Julie,female
Chet,male
Harry,male
Henry,male
Edward,male
M.J.,unknown
Fromny,unknown
Bebe,female
Howard,male
Dick,male
Arthur,male
Charles,male
E.,unknown
Russell,male
C.M.,unknown
Bob,male
Bill,male
Bernie,male
George,male
Paul,male
Charlie,male
Leon,male
Loren,female
Fromm,unknown
Bill,male
Red,male
John,male
Benny,male
W.C.,unknown
Troy,male
Dave,male
Ernest,male
Ben,male
Jim,male
Bill,male
George,male
Rollie,male
Daddy,unknown
L.C.,unknown
George,male
Rufus,male
William,male
Bennie,male
Delle,male
Jeff,male
Ed,male
Tad,male
Jim,male
Harold,male
Ron,male
Wesley,male
Francis,male
Fromny,unknown
Robert,male
Ben,male
Hoyt,male
Paul,male
Henry,male
Emil,male
Mike,male
Fromm,unknown
Ward,male
Chester,male
Bo,male
Eric,male
Frank,male
J.G.,unknown
Albert,male
J.E.,unknown
W.H.,unknown
Kevin,male
Gary,male
Alvin,male
Babe,unknown
Charlie,male
Earl,male
Elwood,unknown
Fred,male
Locke,female
Randy,male
Tay,female
William,male
Brad,male
Jim,male
Harold,male
Tuley,unknown
Jack,male
Alpha,male
B.F.,male
Renny,female
Vic,male
George,male
George,male
Morris,male
Jim,male
Herb,male
John,male
Henry,male
Mitch,male
Adrian,male
J.S.,unknown
Charles,male
Floyd,male
Eddie,male
Thomas,male
Luther,male
Robert,male
Paul,male
Ed,male
Russell,male
E.Y.,unknown
Jerry,male
Edbert,unknown
Eli,female
Check,unknown
Rick,male
Ricky,male
Jim,male
John,male
Dave,male
Paul,male
Eddie,male
Lou,female
Bill,male
Bret,male
Dick,male
Joey,male
Jeff,male
Cappy,male
Tim,male
Ray,male
Cap,unknown
Jim,male
George,male
Burr,unknown
Doc,male
Bill,male
Ben,male
Clyde,male
John,male
Pete,male
Jack,male
John,male
Terry,male
David,male
James,male
Chris,male
Don,male
Walter,male
Rube,unknown
Mo,female
John,male
Frank,male
Vincent,male
Pete,male
Vincent,male
John,male
Boyd,male
J.S.,unknown
Bill,male
John,male
Skip,male
Rob,male
Ben,male
Spurgeon,unknown
Gordon,male
C.C.,unknown
Wilfred,male
Eddie,male
Roy,male
J.O.,unknown
Jim,male
Jake,male
Walter,male
Harold,male
Mike,male
John,male
Joe,male
R.G.,unknown
Dutch,male
John,male
Stewart,male
Stuart,male
Noble,unknown
Ben,male
Ben,male
Tim,male
Student,unknown
Ric,male
Lt.,unknown
George,male
Josh,male
Bill,male
Bill,male
Neil,male
Albert,male
Tim,male
Lee,male
H.P.,unknown
Barry,male
James,male
Bobby,male
Chris,male
Jimmy,male
Fromny,unknown
Harry,male
CompFromn,unknown
Edward,male
David,male
Mike,male
Dutch,male
Larry,male
Arthur,male
Ed,male
David,male
Eddie,male
W.T.,unknown
Louis,male
Ed,male
Frederick,male
Norm,male
Cooper,male
Robert,male
John,male
Paul,male
Larry,male
Bill,male
Willis,male
Willie,male
Brady,male
Ozzie,male
Frosty,unknown
Fred,male
Tim,male
Gravelle,unknown
Herbert,male
Coleman,male
Eddie,male
Fromm,unknown
John,male
Fritz,male
Hank,male
Mick,male
Gene,male
Scott,male
W.G.,unknown
Clem,male
Birney,unknown
Denny,male
Robert,male
Dan,male
Gary,male
Phil,male
W.A.,unknown
Joseph,male
Homer,male
Francois,male
Jiggs,unknown
Dan,male
Howard,male
Chuck,male
Keith,male
Fromm,unknown
Dick,male
Roy,male
Bob,male
Phelps,unknown
Ray,male
Russell,male
George,male
George,male
John,male
Chick,female
Bob,male
Emmett,male
Jene,female
Joe,male
Joe,male
Larry,male
Fromm,unknown
Walter,male
Johnny,male
Carroll,female
Fred,male
Everett,male
Harold,male
Mike,male
Ed,male
Joseph,male
George,male
Claus,male
Frommmy,unknown
Pat,female
Guy,male
Joe,male
Jacob,male
Aubrey,female
Arthur,male
Don,male
Bob,male
Paul,male
Dick,male
Dave,male
James,male
Abe,male
Bill,male
Samuel,male
Jamie,female
Chick,female
Frank,male
Wayne,male
Frank,male
Sumner,female
Cameron,male
Edmund,male
Jiggs,unknown
John,male
Mike,male
Frank,male
Don,male
Billy,male
Bill,male
Dan,male
Robert,male
Johnny,male
Pat,female
C.M.,unknown
Duck,male
Danny,male
Bruce,male
Bryce,male
Homer,male
Lawrence,male
Scott,male
Clyde,male
Chuck,male
John,male
Don,male
Ricky,male
Mac,male
Bill,male
Al,male
Bob,male
Dave,male
Bob,male
Mark,male
David,male
Jim,male
Terry,male
Fran,female
Randy,male
Pat,female
Hugh,male
Jim,male
Peter,male
Tippy,unknown
Orlando,male
Walter,male
Bill,male
Russ,male
Joel,male
A.M.,unknown
Jay,male
Ray,male
Hec,unknown
V.J.,unknown
Dick,male
George,male
Selwyn,male
Floyd,male
Dean,male
Ray,male
Ray,male
Brian,male
Norman,male
F.E.,unknown
Loren,female
James,male
Lucien,male
A.W.,unknown
Rip,female
Howard,male
Jim,male
Ken,male
Fred,male
John,male
Dee,female
J.O.,unknown
Craig,male
Butch,male
Joe,male
Bob,male
C.,male
Dana,female
Fuzzy,unknown
Gene,male
Harold,male
Melbourne,unknown
Paul,male
Ron,male
Weeb,unknown
Leon,male
Kenneth,male
Rich,male
Lenny,male
Ray,male
David,male
Dave,male
Frank,male
Dennis,male
Jim,male
Wes,male
William,male
Mark,male
Dick,male
O.F.,unknown
Eddie,male
Dane,male
John,male
Larry,male
Charles,male
John,male
Shawn,male
Russell,male
Ray,male
Waldo,male
Bill,male
Dan,male
George,male
R.H.,unknown
Thomas,male
Pat,female
Marty,male
S.K.,unknown
Bruiser,unknown
George,male
Johnny,male
Foxy,unknown
Edward,male
Joseph,male
Karl,male
W.T.,unknown
Earl,male
Geno,male
Mowbray,unknown
A.M.,unknown
Amos,male
Bud,male
Pat,female
Pop,male
Darrell,male
Mark,male
Richard,male
Ralph,male
Bill,male
Owen,male
John,male
Ralphus,unknown
C.I.,unknown
Doc,male
Ed,male
James,male
Burl,male
Fromny,unknown
C.,male
Matt,male
Roger,male
John,male
Taps,unknown
John,male
William,male
Jack,male
John,male
Pete,male
Dave,male
Roy,male
Jayson,male
Elwood,unknown
John,male
Gerry,male
Ron,male
Ray,male
Andrew,male
Pete,male
John,male
Louis,male
A.A.,male
Mike,male
Harry,male
H.C.,unknown
Grey,female
Walter,male
Larry,male
Clarence,male
Larry,male
Jim,male
Lou,female
Earl,male
George,male
Harry,male
Yancey,female
James,male
Kid,unknown
Bob,male
Dennis,male
Country,unknown
Anthony,male
Michael,male
Jared,male
Mark,male
Glen,male
Jack,male
John,male
John,male
George,male
Jerry,male
Frommmy,unknown
Vee,female
Brad,male
Royner,male
Hugh,male
H.M.,unknown
John,male
Mike,male
John,male
John,male
Brandon,male
Art,male
Marcel,male
Frank,male
John,male
Roy,male
Jerod,male
A.R.,male
Rich,male
Ray,male
Frank,male
Walter,male
Daniel,male
Frank,male
Wally,male
Goat,unknown
David,male
Bob,male
Jim,male
John,male
Bob,male
Ed,male
W.O.,unknown
Charles,male
Walt,male
Jim,male
Mel,female
Edward,male
Derrin,unknown
Carl,male
George,male
Al,male
Walter,male
Glen,male
Don,male
Dennis,male
Dick,male
Smokey,unknown
Jim,male
Joe,male
Pat,female
Robert,male
Ron,male
Warren,male
Larry,male
Pops,male
Robert,male
Griff,unknown
Marv,female
Howard,male
Buster,male
Florence,female
Clem,male
Jim,male
Basil,male
Vernon,male
William,male
Homer,male
Walt,male
Roy,male
Pop,male
Alfred,male
C.O.,unknown
John,male
BIll,male
Cam,male
David,male
Mitch,male
Roy,male
Fred,male
Charles,male
Lou,female
Pete,male
Rene,male
Fromm,unknown
Pete,male
Leonard,male
T.J.,male
T.P.,female
Eddie,male
Silas,male
Peck,unknown
Edward,male
Harvey,male
Armond,unknown
Bob,male
Brian,male
Frank,male
Fred,male
George,male
Van,male
Walter,male
Arthur,male
Fromny,unknown
Lew,male
Jim,male
David,male
S.W.,unknown
Fred,male
Howard,male
Watt,unknown
Oliver,male
Bill,male
Harlan,male
Elmer,male
Bob,male
Alexander,male
Eddie,male
Stewart,male
Ernest,male
Terry,male
Thomas,male
William,male
Benny,male
Elmer,male
Joe,male
Don,male
George,male
Chris,male
Michael,male
C.E.,unknown
Lester,male
James,male
Doc,male
Harry,male
James,male
Wade,male
Fromdd,unknown
Ben,male
Clyde,male
E.R.,unknown
Robert,male
Rick,male
Leonard,male
Marshall,male
Thurman,unknown
Robert,male
Claude,male
Michael,male
George,male
Kenneth,male
George,male
Shy,female
Bobby,male
Hutch,unknown
Wilbur,male
Joe,male
R.B.,unknown
James,male
Gil,male
Jeff,male
Marcus,male
Stu,male
Doc,male
Aaron,male
Jason,male
Alpha,male
Clarence,male
Clark,male
Cob,unknown
Jim,male
Fromny,unknown
Mike,male
Charles,male
Buddy,male
John,male
Rob,male
Ron,male
Ben,male
Johns,male
Wilbur,male
Austin,male
Darrell,male
Ellis,male
Rich,male
Richard,male
Sydney,female
W.E.,unknown
Grinnell,unknown
Ivens,unknown
James,male
Mike,male
Ralph,male
Stan,male
Eddie,male
Lloyd,male
Ralph,male
Lon,male
Maurice,male
Edward,male
Ed,male
Doggie,unknown
Herb,male
Arthur,male
Kaho,female
Greg,male
Kurt,male
Hans,male
Jim,male
James,male
Orin,male
Gene,male
Fromm,unknown
Rudy,male
Charles,male
Charles,male
Edward,male
William,male
Donald,male
Derek,male
Jim,male
Mike,male
Thomas,male
Pat,female
Thomas,male
Andy,male
Pat,female
Neil,male
Dan,male
Ernie,male
Maurice,male
William,male
Andrew,male
Ron,male
Ellison,male
Arthur,male
Kilduff,unknown
George,male
Jim,male
Fromm,unknown
Orson,unknown
Dana,female
Kirk,male
Bill,male
Jimmy,male
Chris,male
Frank,male
L.F.,unknown
W.G.,unknown
William,male
Bill,male
F.,unknown
Pat,female
Chris,male
Don,male
B.H.,unknown
John,male
C.F.,unknown
George,male
Ron,male
Fromd,unknown
George,male
Ron,male
Ben,male
Lon,male
Larry,male
Mike,male
Dick,male
John,male
Anthony,male
Jack,male
Alan,male
Jerry,male
Robbie,male
Eugene,male
Piggy,unknown
Elmer,male
Fletcher,male
Henry,male
Malcolm,male
Benjamin,male
Billy,male
William,male
Matt,male
Fred,male
Rob,male
Henry,male
Steve,male
P.A.,unknown
Bruce,male
William,male
Jake,male
Karl,male
Red,male
Frank,male
Dale,male
Jack,male
Doyle,male
Bebe,female
Billy,male
Hal,male
Robert,male
Frank,male
Venty,female
Dan,male
Dave,male
Abe,male
Ted,male
Valentine,female
John,male
John,male
Jim,male
Adolph,unknown
George,male
Guy,male
Fromdd,unknown
Allen,male
Ben,male
Charles,male
Cord,male
Larry,male
Willie,male
Craig,male
Harry,male
Walter,male
H.B.,unknown
Richard,male
Art,male
William,male
Dutch,male
Pete,male
John,male
Dick,male
H.A.,unknown
John,male
P.W.,unknown
Emmett,male
Guy,male
Ben,male
Woody,male
Fred,male
Billy,male
Cal,male
Bobby,male
Bill,male
Paul,male
Mike,male
Walter,male
Chris,male
Bob,male
David,male
Sam,male
Mark,male
R.C.,unknown
Don,male
Dave,male
Jack,male
Chick,female
Buddy,male
Chris,male
John,male
Alphonse,male
Magnus,male
Alan,male
Bus,unknown
H.W.,unknown
James,male
Jock,male
Jeff,male
Leslie,female
Danny,male
Red,male
Marty,male
Bob,male
Robert,male
Chuck,male
Cuonzo,unknown
Jack,male
Mike,male
Zeke,male
John,male
Steve,male
A.A.,male
Bashir,male
Matt,male
E.J.,unknown
John,male
Sam,male
W.F.,unknown
William,male
George,male
Charles,male
James,male
Fran,female
Brian,male
Jake,male
Billy,male
Eddie,male
John,male
William,male
Steve,male
Cy,female
Jack,male
Edward,male
Moose,male
Ernie,male
William,male
Branch,unknown
Alfred,male
Joe,male
Greg,male
Hugh,male
James,male
N.L.,unknown
Jack,male
Raymond,male
Banks,unknown
John,male
Neill,male
Kevin,male
R.B.,unknown
Charles,male
Eugene,male
Al,male
Pop,male
John,male
Ritchie,male
Russell,male
Bob,male
George,male
Arthur,male
Frank,male
John,male
Fromm,unknown
Tuss,unknown
Ed,male
Mike,male
Dizzy,female
Red,male
Dave,male
Edward,male
Doc,male
Ray,male
Niko,male
Daniel,male
Hal,male
S.J.,unknown
Edward,male
Bill,male
Sal,male
Russel,male
Steve,male
Carl,male
Fred,male
Gueroon,unknown
Ernest,male
W.E.,unknown
Jeff,male
Joe,male
Joey,male
Ray,male
Fromm,unknown
Michael,male
Middlebrook,unknown
Joe,male
Tim,male
Archie,male
Brandon,male
Edward,male
Glen,male
Harry,male
J.B.,female
John,male
Michael,male
Sean,male
Fromm,unknown
W.S.,unknown
Bud,male
Douglas,male
Enoch,male
Joe,male
Lewis,male
Thomas,male
Erastus,unknown
Elmer,male
WesFromn,unknown
M.A.,unknown
Donovan,male
Conrad,male
Sam,male
Red,male
Don,male
Mike,male
Chris,male
Paul,male
Bill,male
Howard,male
Fromm,unknown
Louis,male
Fred,male
Country,unknown
Robert,male
Guy,male
John,male
Ray,male
Whitelaw,unknown
Gus,male
Bubbs,unknown
Kennon,unknown
Kenneth,male
Joe,male
Joseph,male
James,male
Chief,unknown
Bill,male
Jeff,male
Charles,male
Ed,male
Fred,male
J.,unknown
William,male
Frank,male
John,male
Arthur,male
Malcolm,male
W.W.H.,unknown
S.E.,unknown
C.F.,unknown
Jack,male
Doc,male
Lynn,female
Bobby,male
Greasy,unknown
Alcott,unknown
John,male
Danny,male
Wil,male
Oscar,male
Randy,male
Ernie,male
Mike,male
Pete,male
C.M.,unknown
Gregg,male
Bob,male
J.H.,unknown
Patrick,male
Kevin,male
William,male
Joseph,male
Jerry,male
Mark,male
Dudy,male
Frommmy,unknown
Doug,male
Lonnie,female
Ron,male
Nelson,male
Carl,male
Nelson,male
Rock,male
Kenneth,male
Leo,male
Haskell,unknown
James,male
Harry,male
Jim,male
Bill,male
Bucky,female
Terry,male
Fromm,unknown
Frank,male
John,male
Buddy,male
Fran,female
Fromm,unknown
William,male
Bernard,male
Bruce,male
Fromm,unknown
John,male
John,male
John,male
Joseph,male
Tim,male
Tim,male
Archie,male
Jerry,male
Ed,male
Kevin,male
John,male
Harold,male
Lute,unknown
Oscar,male
Bennie,male
Chuck,male
Bob,male
Howard,male
Bill,male
Osborne,male
Paul,male
Bennie,male
George,male
Anthony,male
Jim,male
Pat,female
Norman,male
Matt,male
Ralph,male
Mike,male
Eugene,male
Jim,male
Ben,male
Doyle,male
Fromm,unknown
Alden,male
Josh,male
Jimmy,male
David,male
Bruce,male
Philip,male
Joe,male
Fromm,unknown
Ralph,male
Randy,male
Charles,male
J.A.,male
John,male
Thomas,male
Russ,male
Bill,male
Dom,male
Art,male
Leonard,male
Vadal,unknown
Ron,male
George,male
Jack,male
John,male
Edward,male
Gil,male
John,male
James,male
Louis,male
Frank,male
Whitey,male
Richard,male
Rick,male
Malcolm,male
John,male
Robert,male
J.W.,unknown
Sydney,female
Buster,male
Darelle,unknown
Burt,male
Arthur,male
Powell,unknown
Walter,male
Jimmie,male
John,male
John,male
Henry,male
Mike,male
Leo,male
Joseph,male
Neal,male
Nibs,unknown
Price,male
Edmund,male
Benjamin,male
Dave,male
Fredrick,male
Donald,male
Lionel,male
Oliver,male
A.J.,male
Raymond,male
Art,male
J.P.,male
Bob,male
Oscar,male
Will,male
C.M.,unknown
Moe,male
Ron,male
Joe,male
Clarence,male
Red,male
Dan,male
Tubby,unknown
Charles,male
Joseph,male
Hank,male
Fred,male
Dwight,male
Duane,male
Brett,male
C.A.,unknown
C.J.,male
Jack,male
Willie,male
Forest,male
Bill,male
Archer,unknown
Mark,male
Fromny,unknown
Eric,male
W.W.,unknown
J.W.,unknown
Frank,male
Fred,male
King,male
Mike,male
Keith,male
Leo,male
Nolan,male
Robert,male
Gordon,male
Buzz,male
Don,male
Hayden,male
Elmer,male
Clement,male
Ralph,male
William,male
Jule,female
Bobby,male
Danny,male
Alfred,male
Thomas,male
Peter,male
Steve,male
Red,male
Lou,female
Ken,male
Cliff,male
Rockhill,unknown
George,male
John,male
Jack,male
Bill,male
J.W.,unknown
Barry,male
Red,male
Lorenzo,male
MilFromn,unknown
Bill,male
Jim,male
Glen,male
Ken,male
Monte,male
Silas,male
W.J.,unknown
Dee,female
Bo,male
Don,male
Craig,male
Bob,male
Jeff,male
Ed,male
Bob,male
Adolph,unknown
Honey,female
Andy,male
Bo,male
Jack,male
Tex,male
Doc,male
Stubby,unknown
Peter,male
Kelvin,male
Byron,male
Fromm,unknown
Scott,male
Jim,male
David,male
Kirk,male
Samuel,male
Bud,male
Anthony,male
Michael,male
Arthur,male
F.E.,unknown
D.,unknown
Jack,male
Fred,male
Sharm,unknown
Paul,male
Harv,male
Richard,male
John,male
George,male
John,male
C.L.,unknown
C.A.,unknown
Heath,male
Mike,male
Dick,male
M.R.,unknown
A.R.,male
Alfred,male
Bill,male
Earl,male
Joe,male
Fromm,unknown
Rick,male
Seebirt,unknown
Allie,female
Fred,male
Bill,male
Chester,male
Bennie,male
Frank,male
Alex,male
Joe,male
Steve,male
Samuel,male
Fred,male
William,male
Albert,male
Clark,male
Paul,male
James,male
P.,unknown
Everett,male
Kemper,male
Bo,male
Bo,male
William,male
Don,male
Beryl,female
BurFromn,unknown
Harry,male
Jim,male
John,male
Larry,male
Brad,male
Marty,male
Claude,male
Mark,male
John,male
Edward,male
John,male
Pat,female
Roy,male
Mark,male
Carl,male
Dave,male
Don,male
Ernie,male
George,male
Jerry,male
Kyle,male
Red,male
Robert,male
Russell,male
Fromm,unknown
Walter,male
Fred,male
Brad,male
James,male
Quin,male
Ossie,male
Harry,male
George,male
David,male
Jackson,male
Zach,male
Rob,male
Howard,male
Sparky,male
Kevin,male
Basil,male
Raymond,male
Frank,male
Dolly,female
Bob,male
Larry,male
Herman,male
Steve,male
Jack,male
Paul,male
Bob,male
Brad,male
Len,male
Robert,male
Carl,male
Dick,male
E.R.,unknown
Flucie,unknown
Gary,male
James,male
John,male
Norm,male
Walter,male
Jumbo,unknown
Joseph,male
Alex,male
Jerry,male
Stein,male
Robert,male
Joe,male
Dave,male
Bill,male
Bill,male
John,male
Kenneth,male
Louis,male
Frank,male
R.L.,unknown
Don,male
George,male
Van,male
Edwin,male
T.R.,unknown
Wayne,male
Frank,male
Charles,male
Ed,male
Dick,male
Melvin,male
Carl,male
George,male
Harold,male
Gus,male
Stuart,male
George,male
Dutch,male
Cullen,male
Floyd,male
Bob,male
John,male
John,male
Mel,female
Scott,male
Thomas,male
Thompson,male
Tummy,unknown
W.L.,unknown
Clarence,male
John,male
Mike,male
Tim,male
J.J.,male
Jimmy,male
Robert,male
Wayne,male
Wilbur,male
Frommlinson,unknown
Bernie,male
Mush,male
Russell,male
Fromm,unknown
William,male
Charles,male
Terry,male
Bill,male
Louis,male
Mark,male
Bill,male
Russ,male
H.F.,male
Herbert,male
Luke,male
James,male
John,male
Steve,male
Fred,male
Bob,male
Joseph,male
Pete,male
R.E.,unknown
George,male
Don,male
Ron,male
Dick,male
Bill,male
PresFromn,unknown
Mike,male
Ed,male
Van,male
Mike,male
Edward,male
Leonard,male
Bob,male
Wallace,male
Will,male
Griz,unknown
Wagner,male
Jerry,male
Vance,male
Greg,male
Al,male
Andy,male
Dean,male
Ed,male
Fred,male
Riley,male
Duddy,unknown
Sox,unknown
Dick,male
Gary,male
B.Y.,unknown
Happy,female
A.H.,unknown
Stanley,male
Warner,unknown
Donald,male
Cliff,male
John,male
Fromm,unknown
Robert,male
Rudy,male
Bucky,female
Bobby,male
Lou,female
Claude,male
Ray,male
Derek,male
Samuel,male
Stewart,male
W.D.,unknown
Vonn,unknown
Edward,male
Tracy,female
Clarence,male
Ernest,male
Bill,male
Clifford,male
Jerry,male
Tim,male
Bill,male
Bob,male
Louis,male
Woody,male
Marty,male
Paul,male
Cliff,male
Jim,male
Ray,male
Berry,female
Donald,male
Greg,male
J.L.,unknown
Norman,male
Glen,male
N.,unknown
Bill,male
Dereck,male
Guy,male
Ralph,male
John,male
George,male
Laurence,female
Glenn,male
Charlie,male
Denis,male
Bill,male
Buzz,male
Charles,male
Corey,male
Earl,male
Gary,male
Jimmy,male
Pooh,unknown
Rollie,male
Warner,unknown
A.B.,male
Ivy,female
Allan,male
Bernard,male
Hiram,male
John,male
Marty,male
Ray,male
Speed,unknown
Wilson,male
Charles,male
Shindle,unknown
Walter,male
A.R.,male
Frank,male
Paddy,male
Sidney,male
Irvin,male
Hal,male
Reggie,male
Hank,male
Willard,male
Albert,male
Wegner,unknown
Ralph,male
Walter,male
John,male
Ralph,male
Ted,male
Jim,male
Caddy,unknown
Les,male
Earl,male
Jay,male
Joby,male
Larry,male
George,male
Roy,male
Daniel,male
Bob,male
Fromny,unknown
W.,unknown
Howard,male
Steve,male
Mike,male
Ralph,male
Monk,unknown
Leo,male
Hill,female
W.A.,unknown
H.E.,unknown
Harry,male
Lilly,female
Bob,male
Matt,male
